<?xml version="1.0" encoding="UTF-8" ?>
<beans xmlns="http://www.springframework.org/schema/beans"
	xmlns:xsi="http://www.w3.org/2001/XMLSchema-instance" 
	xmlns:p="http://www.springframework.org/schema/p" 
	xmlns:context="http://www.springframework.org/schema/context"
	xmlns:mvc="http://www.springframework.org/schema/mvc"
	 xmlns:tx="http://www.springframework.org/schema/tx"
	xsi:schemaLocation="http://www.springframework.org/schema/beans
       http://www.springframework.org/schema/beans/spring-beans-3.0.xsd
       http://www.springframework.org/schema/mvc
       http://www.springframework.org/schema/mvc/spring-mvc.xsd
       http://www.springframework.org/schema/context
       http://www.springframework.org/schema/context/spring-context-3.0.xsd">
    
<context:component-scan base-package="com.mvcSpringFashion.Controller"></context:component-scan>

 <mvc:annotation-driven></mvc:annotation-driven>
<bean id = "dataSource"
class = "org.springframework.jdbc.datasource.DriverManagerDataSource">
   <property name = "driverClassName" value = "com.mysql.jdbc.Driver"/>
   <property name = "url" value = "jdbc:mysql://localhost:3306/groupassignment"/>
   <property name = "username" value = "root"/>
   <property name = "password" value = "harshalgt10"/>
</bean>

<!-- <bean id="propertyConfigurerDB" class="org.springframework.beans.factory.config.PropertyPlaceholderConfigurer">
   <property name="locations" value="classpath:application.properties">
   </property>
</bean> -->
<bean id="jt" class="org.springframework.jdbc.core.JdbcTemplate">  
<property name="dataSource" ref="dataSource"></property>  
</bean>
<bean id="customerdao" class="com.mvcSpringFashion.DAO.CustomerDAOImpl">  
<property name="template" ref="jt"></property>  
</bean>
<bean id="productdao" class="com.mvcSpringFashion.DAO.ProductDAOImpl">  
<property name="template" ref="jt"></property>  
</bean>
 <bean id="cartdao" class="com.mvcSpringFashion.DAO.CartDAOImpl">  
<property name="template" ref="jt"></property>  
</bean> 
<bean id="cartitemdao" class="com.mvcSpringFashion.DAO.CartItemsDAOImpl">  
<property name="template" ref="jt"></property>  
</bean>  
 <bean id="passwordEncoder" class="org.springframework.security.crypto.password.NoOpPasswordEncoder" factory-method="getInstance" />
  
    	<bean id="viewResolver"
		class="org.springframework.web.servlet.view.InternalResourceViewResolver">
		<property name="prefix" value="/WEB-INF/sites/" />
		<property name="suffix" value=".jsp" />
	</bean>
		<mvc:resources mapping="/sources/**" location="/WEB-INF/sources/" />
	
    </beans>