<?xml version="1.0" encoding="UTF-8"?>

<!-- spring security we can define spring beans and transitive dependencies 
bean is -obj-instantiated -managed by spring ioc container -->

<beans:beans xsi:schemaLocation="http://www.springframework.org/schema/beans
 http://www.springframework.org/schema/beans/spring-beans.xsd
  http://www.springframework.org/schema/security
   http://www.springframework.org/schema/security/spring-security.xsd
        http://www.springframework.org/schema/webflow-config 
        http://www.springframework.org/schema/webflow-config/spring-webflow-config.xsd"
    xmlns:xsi="http://www.w3.org/2001/XMLSchema-instance"
     xmlns:beans="http://www.springframework.org/schema/beans" 
     xmlns="http://www.springframework.org/schema/security"
     xmlns:webflow-config="http://www.springframework.org/schema/webflow-config">


<http auto-config="true"> <!-- provide default login screen -->

<intercept-url access="hasRole('ROLE_ADMIN')" pattern="/admin/*"/> <!-- for the role of authetication -->

<intercept-url access="hasRole('ROLE_USER')" pattern="/user/*"/>

<csrf disabled="true"/>

</http>


<authentication-manager>

<authentication-provider>
<user-service>
<user authorities="ROLE_ADMIN" password="harshal" name="harshal"/>

<user authorities="ROLE_USER" password="ut" name="ut"/>


</user-service>

</authentication-provider>
</authentication-manager>
<!-- allow for thr implementing the flow  -->
 <webflow-config:flow-executor id="flowExecutor"
		flow-registry="flowRegistry">
	</webflow-config:flow-executor>
	
	<webflow-config:flow-registry id="flowRegistry"
		base-path="/WEB-INF/flow">
	<webflow-config:flow-location path="/checkout/checkout-flow.xml"
			id="checkout"></webflow-config:flow-location>
	</webflow-config:flow-registry>

</beans:beans>

